make,model,tier,source_type,urls_processed,images_downloaded,images_approved,images_rejected,rejection_rate,colors_detected,run_duration_seconds,errors,timestamp
Acura,Legend,Tier 1,Official Press Kit / Gallery,1,0,0,0,0%,,11,1,2026-03-13T06:56:11Z
Acura,Nsx,Tier 2,Photo Gallery,1,0,0,0,0%,,30,1,2026-03-13T07:05:26Z
Acura,Nsx,Tier 2,Photo Gallery,1,16,0,16,100.0%,,135,0,2026-03-13T07:08:38Z
Alfa Romeo,Spider,Tier 1,Official Press Kit / Gallery,1,8,0,8,100.0%,,94,0,2026-03-13T07:09:39Z
Acura,Nsx,Tier 2,Photo Gallery,1,87,0,87,100.0%,,805,0,2026-03-13T07:12:07Z
Alfa Romeo,Spider,Tier 1,Official Press Kit / Gallery,1,8,0,8,100.0%,,88,0,2026-03-13T07:22:20Z
Alfa Romeo,Spider,Tier 1,Official Press Kit / Gallery,1,8,0,8,100.0%,,86,0,2026-03-13T07:24:41Z
Acura,Nsx,Tier 2,Photo Gallery,1,16,12,4,25.0%,,131,0,2026-03-13T07:43:34Z
Acura,Nsx,Tier 2,Photo Gallery,1,16,12,4,25.0%,,99,0,2026-03-13T08:04:13Z
Acura,Legend,Tier 1,Official Press Kit / Gallery,2,0,0,0,0%,,12,0,2026-03-13T08:19:58Z
Acura,Integra,Tier 1,Official Press Kit / Gallery,2,0,0,0,0%,,23,0,2026-03-13T08:20:21Z
Acura,Nsx,Tier 1,Official Press Kit / Gallery,2,16,12,4,25.0%,,72,0,2026-03-13T08:21:34Z
Acura,Vigor,Tier 1,Official Press Kit / Gallery,2,0,0,0,0%,,7,0,2026-03-13T08:21:42Z
Acura,Tl,Tier 1,Official Press Kit / Gallery,2,0,0,0,0%,,166,0,2026-03-13T08:24:29Z
Acura,Rl,Tier 1,Official Press Kit / Gallery,2,0,0,0,0%,,169,0,2026-03-13T08:27:18Z
Acura,Cl,Tier 1,Official Press Kit / Gallery,2,0,0,0,0%,,168,0,2026-03-13T08:30:06Z
Acura,Mdx,Tier 1,Official Press Kit / Gallery,2,0,0,0,0%,,16,0,2026-03-13T08:30:23Z
Acura,Rsx,Tier 1,Official Press Kit / Gallery,2,0,0,0,0%,,11,0,2026-03-13T08:30:34Z
Acura,Tsx,Tier 1,Official Press Kit / Gallery,2,0,0,0,0%,,12,0,2026-03-13T08:30:47Z
Acura,Rdx,Tier 1,Official Press Kit / Gallery,2,14,10,4,28.6%,,45,0,2026-03-13T08:31:32Z
Acura,Zdx,Tier 1,Official Press Kit / Gallery,2,17,8,9,52.9%,,58,0,2026-03-13T08:32:31Z
Acura,Ilx,Tier 1,Official Press Kit / Gallery,2,17,6,11,64.7%,,70,0,2026-03-13T08:33:41Z
Acura,Rlx,Tier 1,Official Press Kit / Gallery,2,33,12,21,63.6%,,152,0,2026-03-13T08:36:13Z
Acura,Tlx,Tier 1,Official Press Kit / Gallery,2,16,11,5,31.2%,,63,0,2026-03-13T08:37:17Z
Acura,Nsx (Gen 2),Tier 1,Official Press Kit / Gallery,2,0,0,0,0%,,22,0,2026-03-13T08:37:39Z
Acura,Integra (Modern),Tier 1,Official Press Kit / Gallery,2,0,0,0,0%,,13,0,2026-03-13T08:37:52Z
Acura,Zdx (Ev),Tier 1,Official Press Kit / Gallery,2,0,0,0,0%,,12,0,2026-03-13T08:38:05Z
Acura,Adx,Tier 1,Official Press Kit / Gallery,2,7,3,4,57.1%,,36,0,2026-03-13T08:38:41Z
Audi,A6,Tier 1,Official Website,1,20,0,20,100.0%,,215,0,2026-03-17T07:45:12Z
Audi,A6,Tier 1,Official Website,1,20,0,20,100.0%,,258,0,2026-03-17T09:26:58Z
Audi,A6,Tier 1,Official Website,1,20,0,20,100.0%,,284,0,2026-03-17T09:44:24Z
Audi,A4,Tier 1,Official Website,1,15,0,15,100.0%,,284,0,2026-03-17T09:49:09Z
Audi,Q8,Tier 1,Official Website,1,19,0,19,100.0%,,379,0,2026-03-17T09:55:28Z
Audi,A6,Tier 1,Official Website,1,20,10,10,50.0%,,253,0,2026-03-17T10:14:42Z
Audi,A4,Tier 1,Official Website,1,15,8,7,46.7%,,222,0,2026-03-17T10:18:24Z
Audi,Q8,Tier 1,Official Website,1,18,9,9,50.0%,,262,0,2026-03-17T10:22:46Z
Audi,A6,Tier 1,Official Website,1,0,0,0,0%,,18,1,2026-03-18T10:09:46Z
Audi,A6,Tier 1,Official Website,1,0,0,0,0%,,191,1,2026-03-18T10:42:47Z
Audi,A4,Tier 1,Official Website,1,0,0,0,0%,,111,1,2026-03-18T10:44:39Z
Audi,Q8,Tier 1,Official Website,8,0,0,0,0%,,563,8,2026-03-18T10:54:02Z
Audi,A8,Tier 1,Official Website,4,0,0,0,0%,,50,4,2026-03-18T10:54:53Z
Audi,A7,Tier 1,Official Website,3,0,0,0,0%,,196,3,2026-03-18T10:58:09Z
Audi,A3,Tier 1,Official Website,3,0,0,0,0%,,398,3,2026-03-18T11:04:48Z
Audi,Tts,Tier 1,Official Website,1,0,0,0,0%,,17,1,2026-03-18T11:05:05Z
Audi,Allroad,Tier 1,Official Website,1,0,0,0,0%,,148,1,2026-03-18T11:07:34Z
Audi,Q7,Tier 1,Official Website,1,0,0,0,0%,,146,1,2026-03-18T11:10:00Z
Audi,A5,Tier 1,Official Website,1,0,0,0,0%,,258,1,2026-03-18T11:14:19Z
Audi,Q5,Tier 1,Official Website,4,0,0,0,0%,,606,4,2026-03-18T11:24:26Z
Audi,Q3,Tier 1,Official Website,4,0,0,0,0%,,67,4,2026-03-18T11:25:33Z
Audi,E-Tron,Tier 1,Official Website,2,0,0,0,0%,,314,2,2026-03-18T11:30:48Z
Audi,Q4 E-Tron,Tier 1,Official Website,4,0,0,0,0%,,211,4,2026-03-18T11:34:20Z
Audi,E-Tron Gt,Tier 1,Official Website,6,0,0,0,0%,,393,6,2026-03-18T11:40:53Z
Audi,Q6 E-Tron,Tier 1,Official Website,8,0,0,0,0%,,719,8,2026-03-18T11:52:53Z
Audi,R8 Coupe,Tier 1,Official Website,6,0,0,0,0%,,10,0,2026-03-18T11:53:03Z
Audi,S4,Tier 1,Official Website,1,0,0,0,0%,,64,1,2026-03-18T11:54:08Z
Audi,S5 Convertible,Tier 1,Official Website,1,0,0,0,0%,,154,1,2026-03-18T11:56:42Z
Audi,S5 Coupe,Tier 1,Official Website,1,0,0,0,0%,,102,1,2026-03-18T11:58:25Z
Audi,S6 Sedan,Tier 1,Official Website,7,0,0,0,0%,,13,0,2026-03-18T11:58:38Z
Audi,Tt Rs Coupe,Tier 1,Official Website,1,0,0,0,0%,,63,1,2026-03-18T11:59:41Z
Audi,Tt Hatchback,Tier 1,Official Website,1,0,0,0,0%,,54,1,2026-03-18T12:00:36Z
Audi,A6,Tier 1,Official Website,1,20,8,12,60.0%,,457,0,2026-03-20T06:09:42Z
Audi,A4,Tier 1,Official Website,1,15,6,9,60.0%,,266,0,2026-03-20T06:14:09Z
Audi,Q8,Tier 1,Official Website,8,115,7,108,93.9%,,2698,0,2026-03-20T06:59:07Z
Audi,A8,Tier 1,Official Website,4,32,14,18,56.2%,,441,1,2026-03-20T07:06:29Z
Audi,A7,Tier 1,Official Website,3,37,6,31,83.8%,,807,0,2026-03-20T07:19:56Z
Audi,A3,Tier 1,Official Website,3,31,6,25,80.6%,,1316,0,2026-03-20T07:41:52Z
Audi,Tts,Tier 1,Official Website,1,9,7,2,22.2%,,143,0,2026-03-20T07:44:16Z
Audi,Allroad,Tier 1,Official Website,1,11,4,7,63.6%,,449,0,2026-03-20T07:51:46Z
Audi,Q7,Tier 1,Official Website,1,10,5,5,50.0%,,422,0,2026-03-20T07:58:48Z
Audi,A5,Tier 1,Official Website,1,39,10,29,74.4%,,937,0,2026-03-20T08:14:25Z
Audi,Q5,Tier 1,Official Website,4,27,5,22,81.5%,,1716,0,2026-03-20T08:43:02Z
Audi,Q3,Tier 1,Official Website,4,63,13,50,79.4%,,693,0,2026-03-20T08:54:35Z
Audi,E-Tron,Tier 1,Official Website,2,19,6,13,68.4%,,800,0,2026-03-20T09:07:55Z
Audi,Q4 E-Tron,Tier 1,Official Website,4,45,11,34,75.6%,,894,0,2026-03-20T09:22:50Z
Audi,E-Tron Gt,Tier 1,Official Website,6,64,9,55,85.9%,,1426,0,2026-03-20T09:46:37Z
Audi,Q6 E-Tron,Tier 1,Official Website,8,88,13,75,85.2%,,2415,0,2026-03-20T10:26:53Z
Audi,R8 Coupe,Tier 1,Official Website,6,0,0,0,0%,,12,0,2026-03-20T10:27:05Z
Audi,S4,Tier 1,Official Website,1,23,5,18,78.3%,,213,0,2026-03-20T10:30:39Z
Audi,S5 Convertible,Tier 1,Official Website,1,7,0,7,100.0%,,381,0,2026-03-20T10:37:00Z
Audi,S5 Coupe,Tier 1,Official Website,1,11,1,10,90.9%,,274,0,2026-03-20T10:41:35Z
Audi,S6 Sedan,Tier 1,Official Website,7,0,0,0,0%,,14,0,2026-03-20T10:41:49Z
Audi,Tt Rs Coupe,Tier 1,Official Website,1,10,0,10,100.0%,,862,0,2026-03-20T10:56:11Z
Audi,Tt Hatchback,Tier 1,Official Website,1,30,0,30,100.0%,,913,0,2026-03-20T11:11:25Z
Audi,S5 Convertible,Tier 1,Official Website,1,19,4,15,78.9%,,249,0,2026-03-20T12:21:43Z
Audi,Tt Hatchback,Tier 1,Official Website,1,31,0,31,100.0%,,938,0,2026-03-20T12:34:09Z
Aston Martin,Rapide,Tier 1,Official Website,1,34,31,3,8.8%,,177,0,2026-03-23T10:05:12Z
Aston Martin,Vanquish (Gen 2),Tier 1,Official Website,1,14,12,2,14.3%,,196,0,2026-03-23T10:08:29Z
Aston Martin,Db11,Tier 1,Official Website,1,45,24,21,46.7%,,262,0,2026-03-23T10:12:51Z
Aston Martin,Vantage (Modern),Tier 1,Official Website,5,200,73,127,63.5%,,1262,0,2026-03-23T10:33:54Z
Aston Martin,Dbs Superleggera,Tier 1,Official Website,1,0,0,0,0%,,21,0,2026-03-23T10:34:16Z
Aston Martin,Dbx,Tier 1,Official Website,7,265,95,170,64.2%,,1786,0,2026-03-23T11:04:02Z
Aston Martin,Db12,Tier 1,Official Website,6,2,0,2,100.0%,,150,0,2026-03-23T11:06:33Z
Aston Martin,Db9,Tier 1,Official Website,1,11,7,4,36.4%,,191,0,2026-03-23T11:09:44Z
Aston Martin,V8 Vantage (Mod.),Tier 1,Official Website,1,5,4,1,20.0%,,89,0,2026-03-23T11:11:14Z
Alfa Romeo,4C,Tier 1,Official Website,1,12,7,5,41.7%,,182,0,2026-03-24T10:08:14Z
Alfa Romeo,Giulia,Tier 1,Official Website,13,118,68,50,42.4%,,4741,10,2026-03-24T11:27:16Z
Alfa Romeo,Stelvio,Tier 1,Official Website,34,84,57,27,32.1%,,2809,30,2026-03-24T12:14:06Z
Alfa Romeo,Tonale,Tier 1,Official Website,34,100,73,27,27.0%,,1149,30,2026-03-24T12:33:15Z
Audi,A6,Tier 1,Official Website,1,20,1,19,95.0%,,398,0,2026-03-25T11:02:47Z
Audi,A4,Tier 1,Official Website,1,15,2,13,86.7%,,265,0,2026-03-25T11:07:12Z
Audi,Q8,Tier 1,Official Website,8,325,58,267,82.2%,,4598,0,2026-03-25T12:23:51Z
Audi,A8,Tier 1,Official Website,4,116,44,72,62.1%,,1322,1,2026-03-25T12:45:53Z
Audi,A7,Tier 1,Official Website,3,37,7,30,81.1%,,579,0,2026-03-25T12:55:32Z
Bentley,Flying Spur,Tier 1,Official Website,2,44,13,31,70.5%,,856,0,2026-03-26T05:47:31Z
Bentley,Mulsanne (Modern),Tier 1,Official Website,1,9,6,3,33.3%,,321,0,2026-03-26T05:52:53Z
Bentley,Bentayga,Tier 1,Official Website,2,43,18,25,58.1%,,1026,0,2026-03-26T06:09:59Z
Acura,Ilx,Tier 1,Official Website,6,191,57,134,70.2%,,2918,0,2026-03-26T06:19:05Z
Bentley,Bacalar,Tier 1,Official Website,1,74,55,19,25.7%,,762,0,2026-03-26T06:22:42Z
Acura,Rlx,Tier 1,Official Website,3,100,60,40,40.0%,,708,0,2026-03-26T06:30:54Z
Acura,Tlx,Tier 1,Official Website,1,0,0,0,0%,,110,0,2026-03-26T06:32:45Z
Acura,Nsx (Gen 2),Tier 1,Official Website,2,26,15,11,42.3%,,252,0,2026-03-26T06:36:57Z
Bentley,Continental Supersports Conc.Convertible,Tier 1,Official Website,7,148,18,130,87.8%,,2933,0,2026-03-26T07:11:36Z
Acura,Integra (Modern),Tier 1,Official Website,4,0,0,0,0%,,4299,0,2026-03-26T07:48:37Z
Bentley,Continental Gt,Tier 1,Official Website,6,84,8,76,90.5%,,2619,0,2026-03-26T07:55:16Z
Acura,Zdx (Ev),Tier 1,Official Website,1,10,5,5,50.0%,,905,0,2026-03-26T08:03:42Z
Acura,Adx,Tier 1,Official Website,4,0,0,0,0%,,4255,0,2026-03-26T09:14:37Z
Bugatti,Veyron,Tier 1,Official Website,5,44,3,41,93.2%,,467,0,2026-03-26T09:42:41Z
Bugatti,Chiron,Tier 1,Official Website,6,65,2,63,96.9%,,1313,0,2026-03-26T10:04:35Z
Bugatti,Divo,Tier 1,Official Website,1,9,3,6,66.7%,,225,0,2026-03-26T10:08:20Z
Bugatti,Centodieci,Tier 1,Official Website,1,11,1,10,90.9%,,267,0,2026-03-26T10:12:48Z
Acura,Rdx,Tier 1,Official Website,4,0,0,0,0%,,3611,0,2026-03-26T10:14:49Z
Bugatti,Mistral,Tier 1,Official Website,1,13,5,8,61.5%,,241,0,2026-03-26T10:16:49Z
Bugatti,Bolide,Tier 1,Official Website,1,15,2,13,86.7%,,224,0,2026-03-26T10:20:34Z
Cadillac,Ct6,Tier 1,Official Website,1,6,4,2,33.3%,,160,0,2026-03-26T10:32:00Z
Acura,Mdx,Tier 1,Official Website,3,0,0,0,0%,,3467,0,2026-03-26T11:12:37Z
Cadillac,Xt5,Tier 1,Official Website,8,178,48,130,73.0%,,4357,0,2026-03-26T11:44:37Z
Cadillac,Xt4,Tier 1,Official Website,1,61,22,39,63.9%,,652,0,2026-03-26T11:55:30Z
Cadillac,Ct5,Tier 1,Official Website,7,164,28,136,82.9%,,2944,0,2026-03-26T12:44:35Z
Cadillac,Ct4,Tier 1,Official Website,5,164,36,128,78.0%,,2719,0,2026-03-26T13:29:54Z
Cadillac,Xt6,Tier 1,Official Website,4,78,50,28,35.9%,,2729,0,2026-03-26T14:15:24Z
Cadillac,Lyriq,Tier 1,Official Website,3,82,19,63,76.8%,,1463,0,2026-03-26T14:39:47Z
Cadillac,Celestiq,Tier 1,Official Website,2,152,61,91,59.9%,,2906,0,2026-03-26T15:28:14Z
Cadillac,Optiq,Tier 1,Official Website,5,178,33,145,81.5%,,4269,0,2026-03-26T16:39:23Z
Bugatti,Tourbillon,Tier 1,Official Website,1,29,11,18,62.1%,,391,0,2026-03-27T06:56:26Z
Buick,Enclave,Tier 1,Official Website,5,124,41,83,66.9%,,2893,0,2026-03-30T07:26:36Z
Buick,Envision,Tier 1,Official Website,6,134,22,112,83.6%,,2554,0,2026-03-30T08:09:10Z
Buick,Envista,Tier 1,Official Website,6,209,95,114,54.5%,,3328,0,2026-03-30T11:09:58Z
Buick,Encore Gx,Tier 1,Official Website,6,212,45,167,78.8%,,5549,0,2026-03-30T11:46:03Z
Bmw,X1,Tier 1,Official Website,4,2,2,0,0.0%,,567,0,2026-04-02T05:09:27Z
Bmw,7 Series,Tier 1,Official Website,14,0,0,0,0%,,1389,0,2026-04-02T05:32:36Z
Bmw,X5 M,Tier 1,Official Website,3,0,0,0,0%,,267,0,2026-04-02T05:37:04Z
Bmw,X6 M,Tier 1,Official Website,3,0,0,0,0%,,272,0,2026-04-02T05:41:36Z
Bmw,M2,Tier 1,Official Website,4,0,0,0,0%,,393,0,2026-04-02T05:48:09Z
Bmw,5 Series,Tier 1,Official Website,3,0,0,0,0%,,237,0,2026-04-02T05:52:07Z
Bmw,X3,Tier 1,Official Website,4,0,0,0,0%,Use_Tabulator_Key_And_Select_Button_To_Change_Color_Of_The_Car,1005,0,2026-04-02T06:08:52Z
Bmw,M5,Tier 1,Official Website,1,0,0,0,0%,,114,0,2026-04-02T06:10:46Z
Bmw,3 Series,Tier 1,Official Website,3,0,0,0,0%,,272,0,2026-04-02T06:15:19Z
Bmw,8 Series,Tier 1,Official Website,1,0,0,0,0%,,49,0,2026-04-02T06:16:08Z
Bmw,X2,Tier 1,Official Website,4,0,0,0,0%,Use_Tabulator_Key_And_Select_Button_To_Change_Color_Of_The_Car,549,0,2026-04-02T06:25:18Z
Bmw,X4,Tier 1,Official Website,2,0,0,0,0%,,101,0,2026-04-02T06:26:59Z
Bmw,X5,Tier 1,Official Website,5,0,0,0,0%,Use_Tabulator_Key_And_Select_Button_To_Change_Color_Of_The_Car,1013,0,2026-04-02T06:43:52Z
Bmw,X7,Tier 1,Official Website,3,0,0,0,0%,Use_Tabulator_Key_And_Select_Button_To_Change_Color_Of_The_Car,697,0,2026-04-02T06:55:30Z
Bmw,Z4,Tier 1,Official Website,3,0,0,0,0%,,269,0,2026-04-02T07:00:00Z
Bmw,8 Series Gran Coupe,Tier 1,Official Website,1,0,0,0,0%,,9,0,2026-04-02T07:00:09Z
Bmw,X6,Tier 1,Official Website,5,0,0,0,0%,Use_Tabulator_Key_And_Select_Button_To_Change_Color_Of_The_Car,722,0,2026-04-02T07:12:12Z
Bmw,M8,Tier 1,Official Website,103,0,0,0,0%,,2442,100,2026-04-02T07:52:54Z
Bmw,M8 Gran Coupe,Tier 1,Official Website,1,0,0,0,0%,,56,0,2026-04-02T07:53:50Z
Bmw,X3 M,Tier 1,Official Website,125,0,0,0,0%,Instalmentv2,1757,122,2026-04-02T08:23:08Z
Bmw,X4 M,Tier 1,Official Website,2,0,0,0,0%,,89,0,2026-04-02T08:24:37Z
Bmw,4 Series,Tier 1,Official Website,4,0,0,0,0%,,280,0,2026-04-02T08:29:17Z
Bmw,Ix3,Tier 1,Official Website,1,0,0,0,0%,,779,0,2026-04-02T08:42:16Z
Bmw,4 Series Gran Coupe,Tier 1,Official Website,5,0,0,0,0%,,467,0,2026-04-02T08:50:04Z
Bmw,I4,Tier 1,Official Website,5,0,0,0,0%,,466,0,2026-04-02T08:57:51Z
Bmw,Ix,Tier 1,Official Website,7,0,0,0,0%,,584,0,2026-04-02T09:07:36Z
Bmw,M3,Tier 1,Official Website,3,0,0,0,0%,,286,0,2026-04-02T09:12:22Z
Bmw,M4,Tier 1,Official Website,5,0,0,0,0%,,467,0,2026-04-02T09:20:10Z
Bmw,I7,Tier 1,Official Website,5,0,0,0,0%,,473,0,2026-04-02T09:28:04Z
Bmw,Ix1,Tier 1,Official Website,2,0,0,0,0%,,67,0,2026-04-02T09:29:11Z
Bmw,M3 Touring,Tier 1,Official Website,62,0,0,0,0%,Instalmentv2,2195,60,2026-04-02T10:05:47Z
Bmw,Xm,Tier 1,Official Website,2,0,0,0,0%,,144,0,2026-04-02T10:08:11Z
Bmw,I5,Tier 1,Official Website,5,0,0,0,0%,,469,0,2026-04-02T10:16:00Z
Bmw,Ix2,Tier 1,Official Website,4,0,0,0,0%,,196,0,2026-04-02T10:19:16Z
Bmw,M5 Touring,Tier 1,Official Website,2,0,0,0,0%,,148,0,2026-04-02T10:21:45Z
Bmw,2 Series Coupe,Tier 1,Official Website,6,0,0,0,0%,Use_Tabulator_Key_And_Select_Button_To_Change_Color_Of_The_Car,847,0,2026-04-02T10:35:52Z
Bmw,2 Series Gran Coupe,Tier 1,Official Website,4,0,0,0,0%,,207,0,2026-04-02T10:39:19Z
Bmw,X1,Tier 1,Official Website,4,8,4,4,50.0%,"Mineral_White_Metallic, Jet_Black, Black_Sapphire_Metallic, Portimao_Blue_Metallic, Alpine_White",840,0,2026-04-03T05:58:42Z
Bmw,X1,Tier 1,Official Website,4,8,0,8,100.0%,"Black_Sapphire_Metallic, Portimao_Blue_Metallic, Alpine_White, Jet_Black, Mineral_White_Metallic",870,0,2026-04-03T10:05:20Z
Bmw,7 Series,Tier 1,Official Website,14,10,3,7,70.0%,"Frozen_Deep_Grey_Metallic, Black_Sapphire_Metallic, Wildberry_Metallic, Aventurin_Red_Metallic, Carbon_Black_Metallic, Alpine_White, Dravit_Grey_Metallic, Frozen_Pure_Grey_Metallic, Frozen_Tanzanite_Blue_Metallic, Boston_Green_Metallic, Petrol_Mica_Metallic, Oxide_Grey_Metallic, Macadamia_Metallic, Tanzanite_Blue_Ii_Metallic, Brooklyn_Grey_Metallic, Mineral_White_Metallic",1778,0,2026-04-03T10:34:58Z
Bmw,X5 M,Tier 1,Official Website,3,7,5,2,28.6%,"Black_Sapphire_Metallic, Isle_Of_Man_Green_Metallic, Alpine_White_0Requires_Build_Changes, Carbon_Black_Metallic, Alpine_White, Dravit_Grey_Metallic, Marina_Bay_Blue_Metallic, Toronto_Red_Metallic, Skyscraper_Grey_Metallic, Black_Sapphire_Metallic_0Requires_Build_Changes, Manhattan_Green_Metallic, Brooklyn_Grey_Metallic, Mineral_White_Metallic, Carbon_Black_Metallic_0Requires_Build_Changes",328,0,2026-04-03T10:40:26Z
Bmw,X6 M,Tier 1,Official Website,3,2,0,2,100.0%,"Black_Sapphire_Metallic, Isle_Of_Man_Green_Metallic, Tanzanite_Blue_Ii_Metallic, Alpine_White_0Requires_Build_Changes, Carbon_Black_Metallic, Alpine_White, Dravit_Grey_Metallic, Marina_Bay_Blue_Metallic, Aventurin_Red_Metallic, Toronto_Red_Metallic, Skyscraper_Grey_Metallic, Manhattan_Green_Metallic, Brooklyn_Grey_Metallic, Mineral_White_Metallic, Carbon_Black_Metallic_0Requires_Build_Changes",338,0,2026-04-03T10:46:05Z
Bmw,M2,Tier 1,Official Website,4,8,6,2,25.0%,"Black_Sapphire_Metallic, Portimao_Blue_Metallic, Vegas_Red_Metallic, Zandvoort_Blue, Alpine_White_0Requires_Build_Changes, Alpine_White, Frozen_Pure_Grey_Metallic, Grigio_Telesto_Metallic, Java_Green_Ii_Metallic, Zandvoort_Blue_0Requires_Build_Changes, Sao_Paulo_Yellow, Twilight_Purple_Pearl_Metallic, Thundernight_Metallic, Frozen_Portimao_Blue_Ii_Metallic, Brooklyn_Grey_Metallic, Mineral_White_Metallic, Skyscraper_Grey_Metallic",502,0,2026-04-03T10:54:27Z
Bmw,5 Series,Tier 1,Official Website,3,6,3,3,50.0%,"Dark_Graphite_Metallic, Black_Sapphire_Metallic, Vegas_Red_Metallic, Phytonic_Blue_Metallic, Carbon_Black_Metallic, Alpine_White, Frozen_Pure_Grey_Metallic, Oxide_Grey_Metallic, Cape_York_Green_Metallic, Frozen_Deep_Grey, Tanzanite_Blue_Ii_Metallic, Brooklyn_Grey_Metallic, Mineral_White_Metallic",272,0,2026-04-03T10:59:00Z
Bmw,X3,Tier 1,Official Website,4,9,8,1,11.1%,"Dark_Graphite_Metallic, Black_Sapphire_Metallic, Vegas_Red_Metallic, Color_14, Alpine_White_0Requires_Build_Changes, Alpine_White, Frozen_Pure_Grey_Metallic, Use_Tabulator_Key_And_Select_Button_To_Change_Color_Of_The_Car, Tanzanite_Blue_Ii_Metallic, Brooklyn_Grey_Metallic, Mineral_White_Metallic, Dune_Grey_Metallic, Arctic_Race_Blue_Metallic",2590,0,2026-04-03T11:42:11Z
Bmw,M5,Tier 1,Official Website,1,4,3,1,25.0%,"Ruby_Black_Metallic, Dark_Graphite_Metallic, Black_Sapphire_Metallic, Isle_Of_Man_Green_Metallic, Vegas_Red_Metallic, Speed_Yellow, Carbon_Black_Metallic, Alpine_White, Marina_Bay_Blue_Metallic, Daytona_Violet_Metallic, Storm_Bay_Metallic, Frozen_Deep_Grey, Brooklyn_Grey_Metallic, British_Racing_Green",154,0,2026-04-03T11:44:45Z
Bmw,3 Series,Tier 1,Official Website,3,3,2,1,33.3%,"Black_Sapphire_Metallic, Portimao_Blue_Metallic, Alpine_White, Jet_Black, Mineral_White_Metallic",747,0,2026-04-03T11:57:13Z
Bmw,8 Series,Tier 1,Official Website,1,2,0,2,100.0%,,835,0,2026-04-03T12:11:08Z
Bmw,X2,Tier 1,Official Website,4,4,1,3,75.0%,"Black_Sapphire_Metallic, Portimao_Blue_Metallic, Vegas_Red_Metallic, Alpine_White_0Requires_Build_Changes, Alpine_White, Frozen_Pure_Grey_Metallic, Jet_Black, Cape_York_Green_Metallic, Storm_Bay_Metallic, Use_Tabulator_Key_And_Select_Button_To_Change_Color_Of_The_Car, Color_14, Brooklyn_Grey_Metallic, Skyscraper_Grey_Metallic",1409,0,2026-04-03T12:34:38Z
Bmw,X4,Tier 1,Official Website,2,0,0,0,0%,,93,0,2026-04-03T12:36:11Z
Bmw,X5,Tier 1,Official Website,5,4,1,3,75.0%,"Black_Sapphire_Metallic, Isle_Of_Man_Green_Metallic, Alpine_White_0Requires_Build_Changes, Carbon_Black_Metallic, Alpine_White, Dravit_Grey_Metallic, Marina_Bay_Blue_Metallic, Black_Sapphire_Metallic_0Requires_Build_Changes, Toronto_Red_Metallic, Skyscraper_Grey_Metallic, Use_Tabulator_Key_And_Select_Button_To_Change_Color_Of_The_Car, Manhattan_Green_Metallic, Brooklyn_Grey_Metallic, Mineral_White_Metallic, Carbon_Black_Metallic_0Requires_Build_Changes",1833,0,2026-04-03T13:06:45Z
Bmw,X7,Tier 1,Official Website,3,5,3,2,40.0%,"Black_Sapphire_Metallic, Alpine_White_0Requires_Build_Changes, Carbon_Black_Metallic, Alpine_White, Dravit_Grey_Metallic, Marina_Bay_Blue_Metallic, Carbon_Black_Metallic_0Requires_Build_Changes, Use_Tabulator_Key_And_Select_Button_To_Change_Color_Of_The_Car, Manhattan_Green_Metallic, Brooklyn_Grey_Metallic, Mineral_White_Metallic, Skyscraper_Grey_Metallic",936,0,2026-04-03T13:22:21Z
Bmw,Z4,Tier 1,Official Website,3,5,3,2,40.0%,"San_Remo_Green_Metallic, Black_Sapphire_Metallic, Portimao_Blue_Metallic, Alpine_White_0Requires_Build_Changes, Alpine_White, Color_10, Portimao_Blue_Metallic_650Requires_Build_Changes, San_Francisco_Red_Metallic, Color_14, Skyscraper_Grey_Metallic",534,0,2026-04-03T13:31:16Z
Bmw,8 Series Gran Coupe,Tier 1,Official Website,1,0,0,0,0%,,401,0,2026-04-03T13:37:57Z
Bmw,X6,Tier 1,Official Website,5,2,1,1,50.0%,"Black_Sapphire_Metallic, Isle_Of_Man_Green_Metallic, Tanzanite_Blue_Ii_Metallic, Aventurin_Red_Metallic, Carbon_Black_Metallic, Alpine_White, Dravit_Grey_Metallic, Alpine_White_0Requires_Build_Changes, Marina_Bay_Blue_Metallic, Carbon_Black_Metallic_650Requires_Build_Changes, Toronto_Red_Metallic, Carbon_Black_Metallic_0Requires_Build_Changes, Use_Tabulator_Key_And_Select_Button_To_Change_Color_Of_The_Car, Manhattan_Green_Metallic, Brooklyn_Grey_Metallic, Mineral_White_Metallic, Skyscraper_Grey_Metallic",789,0,2026-04-03T13:51:07Z
Bmw,M8,Tier 1,Official Website,103,41,21,20,48.8%,,2095,100,2026-04-03T14:26:02Z
Bmw,M8 Gran Coupe,Tier 1,Official Website,1,0,0,0,0%,,271,0,2026-04-03T14:30:33Z
Bmw,X3 M,Tier 1,Official Website,125,3,3,0,0.0%,Instalmentv2,1626,122,2026-04-03T14:57:40Z
Bmw,X4 M,Tier 1,Official Website,2,17,9,8,47.1%,,503,0,2026-04-03T15:06:03Z
Bmw,4 Series,Tier 1,Official Website,4,2,1,1,50.0%,,263,0,2026-04-03T15:10:27Z
Bmw,Ix3,Tier 1,Official Website,1,48,17,31,64.6%,,2268,0,2026-04-03T15:48:15Z
Bmw,4 Series Gran Coupe,Tier 1,Official Website,5,2,2,0,0.0%,"Black_Sapphire_Metallic, Portimao_Blue_Metallic, Alpine_White, Jet_Black, Mineral_White_Metallic",866,0,2026-04-03T16:02:42Z
Bmw,I4,Tier 1,Official Website,5,3,1,2,66.7%,"Black_Sapphire_Metallic, Portimao_Blue_Metallic, Vegas_Red_Metallic, Alpine_White_0Requires_Build_Changes, Dravit_Grey_Metallic, Alpine_White, Frozen_Portimao_Blue_Metallic, Jet_Black, Cape_York_Green_Metallic, Tanzanite_Blue_Ii_Metallic, Brooklyn_Grey_Metallic, Mineral_White_Metallic, Color_15",975,0,2026-04-03T16:18:57Z
Bmw,Ix,Tier 1,Official Website,7,7,1,6,85.7%,"Black_Sapphire_Metallic, Space_Silver_Metallic, Aventurin_Red_Metallic, Carbon_Black_Metallic, Alpine_White, Alpine_White_0Requires_Build_Changes, Frozen_Pure_Grey_Metallic, Storm_Bay_Metallic, Tanzanite_Blue_Ii_Metallic, Mineral_White_Metallic, Dune_Grey_Metallic, Arctic_Race_Blue_Metallic",1256,0,2026-04-03T16:39:54Z
Bmw,M3,Tier 1,Official Website,3,3,0,3,100.0%,"Black_Sapphire_Metallic, Portimao_Blue_Metallic, Vegas_Red_Metallic, Alpine_White_0Requires_Build_Changes, Dravit_Grey_Metallic, Alpine_White, Frozen_Pure_Grey_Metallic, Tanzanite_Blue_Ii_Metallic, Brooklyn_Grey_Metallic, Mineral_White_Metallic, Skyscraper_Grey_Metallic, Arctic_Race_Blue_Metallic",396,0,2026-04-03T16:46:31Z
Bmw,M4,Tier 1,Official Website,5,1,0,1,100.0%,"Black_Sapphire_Metallic, Portimao_Blue_Metallic, Vegas_Red_Metallic, Alpine_White_0Requires_Build_Changes, Dravit_Grey_Metallic, Alpine_White, Frozen_Portimao_Blue_Metallic, Cape_York_Green_Metallic, Tanzanite_Blue_Ii_Metallic, Brooklyn_Grey_Metallic, Mineral_White_Metallic, Color_15, Arctic_Race_Blue_Metallic",634,0,2026-04-03T16:57:05Z
Bmw,I7,Tier 1,Official Website,5,8,3,5,62.5%,"Frozen_Deep_Grey_Metallic, Dark_Graphite_Metallic, Black_Sapphire_Metallic, Aventurin_Red_Metallic, Carbon_Black_Metallic, Alpine_White, Dravit_Grey_Metallic, Alpine_White_0Requires_Build_Changes, Frozen_Pure_Grey_Metallic, Oxide_Grey_Metallic, Tanzanite_Blue_Ii_Metallic, Brooklyn_Grey_Metallic, Mineral_White_Metallic",944,0,2026-04-03T17:12:50Z
Bmw,Ix1,Tier 1,Official Website,2,32,26,6,18.8%,,265,0,2026-04-06T05:28:24Z
Bmw,M3 Touring,Tier 1,Official Website,62,61,30,31,50.8%,Instalmentv2,2493,60,2026-04-06T06:14:31Z
Bmw,Xm,Tier 1,Official Website,2,7,4,3,42.9%,"Cape_York_Green_Metallic, Urban_Green, Isle_Of_Man_Green_Metallic, Toronto_Red_Metallic, Petrol_Mica_Metallic, Black_Sapphire_Metallic, Brooklyn_Grey_Metallic, Dravit_Grey_Metallic, Macadamia_Metallic, Anglesey_Green_Metallic, Marina_Bay_Blue_Metallic, Mineral_White_Metallic, Sao_Paulo_Yellow, Carbon_Black_Metallic",217,0,2026-04-06T06:18:18Z
Bmw,I5,Tier 1,Official Website,5,10,1,9,90.0%,"Mineral_White_Metallic, Alpine_White, Frozen_Pure_Grey_Metallic, Cape_York_Green_Metallic, Carbon_Black_Metallic, Brooklyn_Grey_Metallic, Phytonic_Blue_Metallic, Vegas_Red_Metallic, Dark_Graphite_Metallic, Frozen_Deep_Grey, Tanzanite_Blue_Ii_Metallic, Oxide_Grey_Metallic, Black_Sapphire_Metallic",1118,0,2026-04-06T06:37:07Z
Bmw,Ix2,Tier 1,Official Website,4,12,5,7,58.3%,"Cape_York_Green_Metallic, Jet_Black, Vegas_Red_Metallic, Black_Sapphire_Metallic, Frozen_Pure_Grey_Metallic, Color_14, Skyscraper_Grey_Metallic, Portimao_Blue_Metallic, Storm_Bay_Metallic, Mineral_White_Metallic, Alpine_White, Alpine_White_0Requires_Build_Changes, Brooklyn_Grey_Metallic",585,0,2026-04-06T06:47:02Z
Bmw,M5 Touring,Tier 1,Official Website,2,7,2,5,71.4%,"Speed_Yellow, Marina_Bay_Blue_Metallic, Imola_Red_Ii, Dark_Graphite_Metallic, Black_Sapphire_Metallic, Carbon_Black_Metallic, Isle_Of_Man_Green_Metallic, Brooklyn_Grey_Metallic, Frozen_Deep_Grey, Daytona_Violet_Metallic, British_Racing_Green, Alpine_White, Storm_Bay_Metallic, Vegas_Red_Metallic",223,0,2026-04-06T06:50:50Z
Bmw,2 Series Coupe,Tier 1,Official Website,6,46,20,26,56.5%,"Skyscraper_Grey_Metallic, Java_Green_Ii_Metallic, Mineral_White_Metallic, Frozen_Portimao_Blue_Ii_Metallic, Twilight_Purple_Pearl_Metallic, Zandvoort_Blue, Vegas_Red_Metallic, Zandvoort_Blue_0Requires_Build_Changes, Use_Tabulator_Key_And_Select_Button_To_Change_Color_Of_The_Car, Alpine_White, Thundernight_Metallic, Sao_Paulo_Yellow, Brooklyn_Grey_Metallic, Frozen_Pure_Grey_Metallic, Alpine_White_0Requires_Build_Changes, Grigio_Telesto_Metallic, Portimao_Blue_Metallic, Black_Sapphire_Metallic",2711,0,2026-04-06T07:36:12Z
Bmw,2 Series Gran Coupe,Tier 1,Official Website,4,11,2,9,81.8%,"Brooklyn_Grey_Metallic, Skyscraper_Grey_Metallic, Storm_Bay_Metallic, British_Racing_Green, Frozen_Pure_Grey_Metallic, Vegas_Red_Metallic, Black_Sapphire_Metallic, Portimao_Blue_Metallic, Frozen_Portimao_Blue_Ii_Metallic, Wildberry_Metallic, Alpine_White, Pyrite_Brown_Ii_Metallic, Alpine_White_0Requires_Build_Changes, Tanzanite_Blue_Ii_Metallic, Thundernight_Metallic, Borusan_Turkish_Blue, Color_15",645,0,2026-04-06T07:47:10Z
Bmw,X4,Tier 1,Official Website,2,31,4,27,87.1%,,486,0,2026-04-06T08:07:16Z
Bmw,8 Series Gran Coupe,Tier 1,Official Website,1,0,0,0,0%,,13,0,2026-04-06T08:07:52Z
Bmw,M8 Gran Coupe,Tier 1,Official Website,1,0,0,0,0%,,335,0,2026-04-06T08:13:43Z
Bmw,8 Series Gran Coupe,Tier 1,Official Website,1,0,0,0,0%,,14,0,2026-04-06T11:22:01Z
Bmw,M8 Gran Coupe,Tier 1,Official Website,1,0,0,0,0%,,272,0,2026-04-06T11:26:44Z
Bmw,8 Series Gran Coupe,Tier 1,Official Website,1,0,0,0,0%,,11,0,2026-04-07T05:08:11Z
Bmw,M8 Gran Coupe,Tier 1,Official Website,1,0,0,0,0%,,269,0,2026-04-07T05:21:01Z
Bmw,M8 Gran Coupe,Tier 1,Official Website,1,15,13,2,13.3%,,245,0,2026-04-07T07:09:07Z
Bmw,8 Series Gran Coupe,Tier 1,Official Website,1,15,11,4,26.7%,,100,0,2026-04-07T09:22:35Z
Bmw,8 Series Gran Coupe,Tier 1,Official Website,1,0,0,0,0%,,13,0,2026-04-07T09:30:14Z
